first Name,last name,MailID,DateofJoining,EMP Age,EMP Status,phone
Arden11111111111111111111111111111111111111111111111112,lee,nonummy.fusce@google.org,"Aug 5, 2022",23,false,123123
Nevada,wells,ac.metus@hotmail.net,"Jan 29, 2022",24,false,12312321
Haviva,compton,magnis.dis@protonmail.ca,"Oct 1, 2023",25,true,1231231
Tanya ,atkins,sodales@google.org,"Jan 15, 2022",26,true,123123
Megan ,bla,metus@hotmail.org,"Mar 16, 2022",27,false,12312312
Naida ,holden,lorem.vitae.odio@google.edu,"Sep 6, 2022",28,true,123123
Chanda ,ortega,orci@outlook.ca,"Sep 19, 2023",29,false,312312
Chanda ,ortega,orci@outlook.ca,"Sep 19, 2023",29,false,312312
Chanda ,ortega,owqwrci@outlook.ca,"Sep 19, 2023",29,false,312312
Nevada,wells,ac.metus@hotmail.net,"Jan 29, 2022",24,false,12312321
Nevada,well1212121s,ac.metus@hotmail.net,"Jan 29, 2022",24,false,12312321
